date,reviewer,text,stars,company
2022-03-07T13:01:12.000Z,Melissa W.,H&M sollte sich eine andere Liefer Firma zulegen.. Hermes ist der Absolute Dreck wenn ich das mal so schreiben darf üòÇ,1,/h-m.com?languages=de
2022-03-03T15:53:30.000Z,Claudia Messinger,Vielen lieben Dank an Michi vom Kundenservice üåπüëç. In wenigen Minuten Problem gel√∂st üôÇ. Ich bin super zufrieden,5,/h-m.com?languages=de
2021-12-16T22:11:02.000Z,Kevin Plank,Hab noch nie so eine schlechte App gesehen - Katastrophe! Bedienfreundlich scheint hier ein Fremdwort zu sein!,1,/h-m.com?languages=de
2021-11-26T07:52:03.000Z,Carla,"Der Sven war sehr hilfsbereit, hast alles geklappt wie vorgestellt in wenigen Minuten.Top",5,/h-m.com?languages=de
2021-11-08T13:02:25.000Z,Michi,"Habe etwas falsches geliefert bekommen, aber da ich es erst nachdem ich die Etiketten abgemacht habe, bemerkt habe, habe ich anscheinend keinen Anspruch auf eine richtige Lieferung. Was soll ich mit einem Schlafanzug bei dem das Oberteil 110/116 und die Hose in 122/128 geliefert wurde‚Ä¶",1,/h-m.com?languages=de
2021-09-10T17:37:28.000Z,Heike Maronde,"Ich w√ºrde ja am liebsten keinen Stern geben ! Unfreundliches Personal in den Filialen! Mit dem Costumer Dumme Schreiberei hin und her ohne Ergebnis!Kurz um, App gel√∂scht und Einkauf hat sich bei dem Unternehmen erledigt! Alternativen gibt es ja genug !",1,/h-m.com?languages=de
2021-07-02T11:47:40.000Z,Kristin,"Mehr als unzufrieden, das ist eine Frechheit , da bekommt man online Geschenkkarten ausgestellt , die von anderen Leuten eingel√∂st werden und man selbst steht dann an der Kasse und schaut aus der W√§sche ! Kundenbetreuung miserabel ! Einfach nur entt√§uschend ! Finger weg von Geschenkgutscheinen ! Leider nicht gesch√ºtzt , so etwas ist mir wirklich nich nie passiert ! üò°",1,/h-m.com?languages=de
2021-05-18T13:02:03.000Z,Jenny Meyer,"Ich bin zufrieden mit H&m, meine Ware kam immer p√ºnktlich und Gute Qualit√§t f√ºr kleines Geld.",5,/h-m.com?languages=de
2021-04-10T22:28:30.000Z,Emily,"H&M bietet einen klasse Online-Service an, die Ware kommt i.d.R. innerhalb von 2-3 Tagen an. Es ist verr√ºckt, dass Leute sich beschweren, dass die Kleidung nicht f√ºr sie im Warenkorb reserviert wird und, dass der Standard an schnelleren Liefergeschwindigkeit und Niedrigpreisen immer h√∂her wird, aber im Gegenzug dann bitte auch noch einen optimalen Kundenservice! Am Ende zahlen die Menschen aus Entwicklungsl√§ndern und die Umwelt den gr√∂√üten Preis und hier heulen Leute rum, weil sie ein Kleidungsst√ºck nicht oder nicht schnell genug bekommen.. Kauft einfach mal weniger und fangt an jedes Kleidungsst√ºck zu sch√§tzen, denn es wird von Menschen designed und gen√§ht und wird durch die ganze Welt transportiert...Au√üerdem finde ich es bemerkenswert, dass H&M trotz der utopischen Anspr√ºche von der zu privilegierten Gesellschaft versucht immer nachhaltiger und transparenter zu werden.",5,/h-m.com?languages=de
2021-03-19T12:16:51.000Z,Nani ?!,Nie wieder ! Trotz beglichener Rechnung wurde mein Geld zur√ºck √ºberwiesen und die erneut offene Rechnung an ein Inkasso Unternehmen weitergeleitet mit enormen extra Kosten Vielen Dank an H&M,1,/h-m.com?languages=de
2021-03-16T09:48:05.000Z,Margit Zafirakos,"Eigentlich unglaublich, aber wahr: Am 20.1 bestellt, doch die Ware kam nie. Am Ende hat sie die Post angeblich retour geschickt. Am 4.3. bestellt, doch die Ware kam nie. Grund: der Adress-Aufkleber war nicht lesbar, die Post hat die Ware retour geschickt. Deshalb am 11.3. nochmals bestellt, doch die Sendung kann nicht zugestellt werden und im Tracking der Post steht: wird an Absender retour geschickt. Ja ist denn das Versteckte Kamera??????Sind die unf√§hig ein Paket zu versenden??????",1,/h-m.com?languages=de
2021-01-29T12:35:15.000Z,Lady Yuna,"Die Ware wird mir sehr oft vor den Augen leer gekauft, echt schade. Man muss anscheinend innerhalb paar Sekunden bestellen, sodass man die Artikel garantiert haben kann.",1,/h-m.com?languages=de
2021-01-20T06:09:31.000Z,H. Krenz,"Ich habe was bestellt und es kam die falsche Ware, sah schon benutzt aus. T√ºte war aufgerissen und es war irgendetwas reingestopft. Ich habe es sofort zur√ºckgesendet und ich warte seit Wochen auf mein Geld, leider bekomme ich im H&M chat nur Ausreden aber keine Hilfe. Echt frustrierend.",1,/h-m.com?languages=de
2021-01-14T18:46:27.000Z,Ka K√º,"In meinen Augen hat H&M den besten Onlineshop. Ich kaufe dort nur noch f√ºr meinen Sohn ein. Der Versand ist super schnell, gro√üe und tolle Auswahl, Qualit√§t super, Preise angemessen. Ist und bleibt mein lieblings Onlineshop. Weiter so",5,/h-m.com?languages=de
2021-01-10T10:00:30.000Z,Sandra Dobbler,"Ich bin jahrelanger H&M Onlinekunde, aber ich muss sagen, es nervt, dass viele Artikel meistens nicht verf√ºgbar sind. Die Mode f√ºr Damen entspricht absolut nicht meinem Geschmack, aber das Sortiment f√ºr Kinder ist recht ansprechend. Au√üerdem finde ich die Bezahlung √ºber Klarna viel aufwendiger und komplizierter als zuvor, vorallem wenn es Probleme gibt!Mit der Lieferung und dem Kundenservice hatte ich bisher noch keine Probleme!",3,/h-m.com?languages=de
2021-01-05T10:07:37.000Z,Sindy R√∂sler,"Das H&M im Onlinehandel seiner Konkurrenz weit hinterherh√§ng ist sicher bekannt. Aber leider auch deutlich im Thema Kundenservice. Ich hatte online bestellt und etwas retourniert. Gestern bekam ich eine aktualisierte Zahlungsinforation von Klarna, in der auch retournierte Artikel als offener Betrag drin standen. Also habe ich mich an H&M gewandt. Die sagen sie h√§tten die Retoure richtig erfasst und ich sollte mich an Klarna wenden. Klarna sagt, Retoure wurde so von H&M √ºbermittelt (alles andere macht f√ºr mich auch keinen Sinn). Also wieder mit H&M geschrieben und die behaaren drauf, das es der Fehler von Klara ist und sie nichts daf√ºr k√∂nnten und mir deshalb auch nicht helfen.Es ist mir ein absolutes R√§tsel wie man als Unternehmen so mit den Problemen der Kunden umgehen kann. So mal es nicht mein Fehler ist, sondern offensichtlich die √úbermittlung der Daten fehlerhaft ist. Nun steht der offene Betrag da. F√ºr mich war es das letzte Mal, dass ich bei H&M bestellt habe. Egal bei welcher Zahlart, es gibt immer Probleme.",1,/h-m.com?languages=de
2021-01-05T09:18:26.000Z,mausi maus,"Am liebsten w√ºrde ich null Sterne geben, im September 20 bei H&M bestellt, nach 6 Wochen kam endlich die Bestellung bei mir an ( 2 Pullover, eine Jacke), ich habe mit Paypal bezahlt. Heute hatte ich einen Brief von einem Inkasso Unternehmen im Briefkasten, indem ich von H&M aufgefordert werde 52‚Ç¨ zu bezahlen. WTF o.0 Ich habe nie eine Mahnung erhalten. Bei Inkasso angerufen, die waren pampig und sehr unfreundlich, dann bei H&M angerufen, sie k√∂nnen mir nicht weiter helfen obwohl nachweislich ALLES bezahlt ist. Werde das jetzt an die Polizei √ºbergeben!! Ich werde NIE wieder etwas bei dieser Firma kaufen, bin derma√üen entt√§uscht und w√ºtend.",1,/h-m.com?languages=de
2021-01-04T20:57:23.000Z,Tender Branson,"Letztes Jahr vor Weihnachten dort bestellt √ºber den Online Shop, bis heute wird meine bezahlte Ware nicht verschickt.Bestelle dort nie wieder und gehe auch nicht mehr in die L√§den.H&M hat es f√ºr mich auf ewig versaut.",1,/h-m.com?languages=de
2021-01-04T12:00:18.000Z,Berf ,"Seit der Zusammenarbeit von Klarna und H&M, kann ich nicht mehr auf Rechnung/Monatsrechnung bestellen. Obwohl ich √ºber Klarna √ºberall normal bestellen kann und vorher bei H&M immer √ºber Monatsrechnung bestellt habe !! Sehr nervig.",1,/h-m.com?languages=de
2021-01-03T20:53:02.000Z,Stefanundbi√üleKimi Rosner,Ein Stern ist zu viel. Schlechtester online Shop √ºberhaupt.,1,/h-m.com?languages=de
2020-12-30T11:24:08.000Z,Emily ,"Ich bin unglaublich entt√§uscht dar√ºber.Klickt niemals, schnellen Versand f√ºr extra 7,99 an. Es kommt genau so schnell an wie wenn es normal versandt wird. Erkl√§rt hab ich dies H&M troztdem muss ich es zahlen.Wenn ich k√∂nnte w√ºrde ich gar kein Stern geben. Das war das letzte mal das ich √ºberhaupt da noch bestelle. Sehr sehr entt√§uscht....",1,/h-m.com?languages=de
2020-12-21T06:24:46.000Z,Foxmaid,Lieferung nach √ºber 3 Wochen immer noch nicht erhalten. Der Kundenservice ist √ºber E-Mail und Chat nicht verf√ºgbar. Ich w√ºrde nie wieder dort bestellen.,1,/h-m.com?languages=de
2020-12-17T08:53:16.000Z,Andrea Mair,Der Stern ist noch zuviel. Dass es bei H&M immer l√§nger dauert kennt man ja. Aber dass eine Bestellung nach 12 Tagen immer noch nicht da ist sagt doch schon alles. Aber Hauptsache die Rechnung hat man schon erhalten! Jetzt hat man noch Scherereien weil man sich k√ºmmern muss es zur√ºckzuschicken wenn man im Weihnachtsurlaub bei den Eltern ist. Fazit: ich bestelle nie nie wieder bei H & M!,1,/h-m.com?languages=de
2020-12-05T10:57:14.000Z,Ouafae Nagel-Aouad,"Schlechtes Kundendienst, die Bestellungen sollte innerhalb 2bis4 Tage zugestellt werden. Leider nach einer Woche sind meine Bestellungen immer noch nicht da.",1,/h-m.com?languages=de
2020-12-04T15:56:48.000Z,Leandra Schwager,"Eigentlich ist 1 Stern sogar zu viel! Ein unm√∂glicher und absolut asozialer Kundenservice! Man kann es nicht einmal KundenSERVICE nennen! Vor rund 2 Monaten hat mein Stiefvater etwas f√ºr mich bestellt, jedoch meine Mailadresse verwendet, da das ja ein Geschenk sein soll! Da mir die Sachen nicht gefallen haben habe ich ALLES komplett zur√ºck gesendet! Vor rund 4 Wochen kam dann die erste Mahnung auf welche ich dann eine Mail geschrieben habe, dass alles zur√ºck gegangen ist und sie bitte die R√ºcksendungen kontrollieren sollen! Darauf erhielt ich KEINE Antwort! Vor rund 3 Wochen dann die 2. Mahnug! Aufgebracht und unglaublich sauer habe ich dann beim Klarnakundenservice angerufen & diese wollen mir keine Auskunft geben, obwohl MEINE Mailadresse hinterlegt ist und mein Stiefvater die selbe Adresse hat wie ich! Daraufhin hat mein Stiefvater ein Mail geschrieben UND eine Nachricht gesendet √ºber die App und bis heute KEINE Reaktion! Vor rund 1 Woche dann die 3. Mahnung! Ich habe dann den Betrag in H√∂he von 49.90.- bezahlt um eine Mahnug zu verhindern, f√ºr etwas, das ich nicht mal etwas daf√ºr kann und vor allem f√ºr irgendwelche Ware die ich 1 Tag nach erhalt vollst√§ndig zur√ºck gesendet habe! Einfach unf√§higes Personal! Ich bin 18 Jahre alt und habe absolut kein Geld f√ºr ein Anwalt! Das man so ausgenutzt und abgezockt wird finde ich wirklich dr*ckig! BESTELLT NIEMALS BEI H&M, KLARNA IST DIE REINSTE ABZOCKE!",1,/h-m.com?languages=de
2020-11-23T11:36:58.000Z,Kim,"Absolut schlechter Kundenservice. Ich war ebenfalls jahrelang sehr zufriedene Kundin, jetzt werden sich die Wege definitiv f√ºr immer trennen. H&M hat durch mich einen riesigen Umsatz gemacht, leider ist es seit ca. 1 Jahr jedoch so, dass die Artikel nur unvollst√§ndig geliefert werden oder Retoureartikel nicht sachgem√§√ü eingetragen werden. Korrekturbuchungen werden jetzt wohl nicht mehr vorgenommen, nachdem ""au√üergew√∂hnlich h√§ufig"" Artikel falsch verbucht wurden. Ich werde nun juristische Schritte einleiten.",1,/h-m.com?languages=de
2020-11-12T11:31:04.000Z,Hilke Bock,"Eingentlich w√ºrde ich den Oneline Shop gern weiter nutzen, denn die Klamottem sind top.Da ich aber schon seit Wochen auf eine R√ºckerstattung warte, bestelle ich lieber bei kundenfreundlicheren Shops.Ich kann es mir einfach nicht leistenso lange auf mein Geld zu warten.",1,/h-m.com?languages=de
2020-11-03T16:51:06.000Z,Ver√§rgerter Kunde,"Seit √ºber 2 Woche warte ich auf meine Bestellung. Zig Mal beim Kundenservice angerufen. Jedesmal konnten die mir nicht weiterhelfen, weil entweder deren Systeme permanent spinnen, abst√ºrzen und nicht funktionieren!!! Ich werde nie wieder bei h&m bestellen! NIE WIEDER!",1,/h-m.com?languages=de
2020-10-29T08:07:18.000Z,MARTIN PICHLER,"Die ganze Abwicklung des KUNDENSERVICE ist leider nicht userfreundlich. Chat sehr begrenzt. Pers√∂nliche Mitarbeiter - falsche Informationen. Paket wurde an H und M zur√ºck gesendet, laut Best√§tigungsmail war die Adresse jedoch richtig. Einzige M√∂glichkeit war noch Mal im ONLINESHOP bestellen. KOSTET NUR VIEL ZEIT. Sehr √§rgerlich.",1,/h-m.com?languages=de
2020-09-22T15:36:03.000Z,M.Brucka,"Ich bin seit Jahren Kunde bei H&M und immer zufrieden gewesen.Nun werden sich unsere Wege definitiv trennen. Wer mich als Kunde nicht im Laden haben will (brauche Grosse Gr√∂sse), der braucht auch mein gutes Geld nicht im Online Shop.Wurde man in der Vergangenheit schon in die letzte Ecke der L√§den verbannt,zum Teil im hintersten Eck der Kinderabteilung,so wird man nun ganz aus den L√§den raus geschmissen,passt anscheinend nicht zum Image.So etwas geht gar nicht,ich sch√§me mich f√ºr die Gesch√§ftsleitung von H&M.",1,/h-m.com?languages=de
2020-09-18T09:05:18.000Z,Christine Zurek,"Nicht nur das ich nicht mehr bestellen kann seit Klarna (es kommt keine Nachricht warum), beim Support wird einem frech gesagt ""nur Kunden die nicht in der Lage sind sich ordentlich um ihre FInanzen zu k√ºmmern werden nicht akzeptiert""  - das bei fast 100% Schufa und keinerlei offenen Rechnungen. Dann wird man angemeckert und es wird aufgelegt. Nie wieder H&M! Ich habe mehrere Tausend Euro ausgegeben f√ºr mich und meine Familie auf H&M, aber das reicht jetzt. Sowas unglaublich unfreundliches ist mir noch NIE passiert!",1,/h-m.com?languages=de
2020-09-04T19:33:42.000Z,Kunde,"Keine Ahnung, welche Probleme sich die schlechten Bewerter hier ausdenken. Ich habe noch nie schlechte Erfahrungen mit dem H&M Onlineshop gemacht. Und ich bestelle dort seit Jahren. Auch mit der neuen Klarna Bezahlweise ist alles √ºbersichtlicher. Und der Kundenservice war und ist immer sehr freundlich und hilfsbereit. Es ist mir v√∂llig unverst√§ndlich, wie es zu den vielen negativen Bewertungen kommt.",5,/h-m.com?languages=de
2020-09-04T16:21:23.000Z,Diana K√∂nitz,"Auch ich war ein treuer Kunde bei H&M. Leider wird man jetzt diskriminiert, man darf als plus size Mensch diese Gesch√§fte nicht mehr betreten.Ich werde auch nichts mehr online bestellen, da man ja nie genau weiss, ob die Gr√∂√üe gerade passt. ( Musste immer mindestens 2 Gr√∂√üen probieren)Nat√ºrlich geht ja dann auch das Gesch√§ft f√ºr die Herren- und Kinderkleidung verloren, die ich dort auch erworben habe.Schade h&m- ‚Äûsuper‚Äú Entscheidung in die falsche Richtung.",1,/h-m.com?languages=de
2020-09-04T07:41:00.000Z,RK Rooky,"Wie kann man so bescheuert sein und die Kunden einfach zu diskriminieren, wer sind Sie zu entscheiden ob man rein darf oder nicht Nie wider bei euch ihr seit einfach f√ºr die letze Schublade",1,/h-m.com?languages=de
2020-08-28T05:30:47.000Z,Heikel Albin,"Gestern war ich in unserer Stadt bei H&M und es gab keine Abteilung mehr f√ºr plus size !!! Die Verk√§uferin hat dann gesagt das plus size Bekleidung aus den Gesch√§ften rausgeht und man diese dann nur noch online bestellen kann . Sollen sie doch gleich ihre Gesch√§fte schlie√üen , ich finde das unm√∂glich von H&M . Ich werde dort auch nicht online bestellen . Der Laden ist f√ºr mich gestorben .",1,/h-m.com?languages=de
2020-08-26T13:03:08.000Z,Moni Ahrens-Fischer,"Ich kann nur dringend davon abraten, bei H & M online etwas zu bestellen, wenn man Ware zur√ºck senden muss. H & M verweigert mir, meine R√ºckerstattungen zur√ºck zu zahlen und verweist mich st√§ndig an Klarna. Klarna sagt, H & M ist zust√§ndig.So etwas kundenunfreundliches habe ich noch nie erlebt. Vorsicht daher bei Online-Bestellungen!!!!",1,/h-m.com?languages=de
2020-08-21T07:37:16.000Z,Framilau2105,"Geschenkkarten-Disaster.Annoncierte Lieferzeit: 3-5 Werktage.Mittlerweile 8 Tage durch ohne Erhalt.Kundenservice teilweise die Ausgeburt von Unfreundlichkeit. Falls H&M irgendwann bankrott geht, trifft es den richtigen Dilettantenverein.",1,/h-m.com?languages=de
2020-08-15T08:39:04.000Z,Jakobi Jakow,"Auch f√ºr mich war das erste und letzte Bestellung, die sind nicht mal in der Lage, einen Bestellungsbest√§tigung per Email zu verschicken, W√§re k√§mmen viel zu sp√§t an, andere B√§stellung ist nicht mal angekommen, daf√ºr aber nach Geld verlangt, Kundenservice ist absolut inkompetent und unfreundlich, Retoure k√∂nnen nicht bearbeitet werden, Bezahlungen unkorrekt bearbeitet.Nie mehr im Leben werde ich bei H&m noch irgendwas bestellen.",1,/h-m.com?languages=de
2020-08-07T16:24:39.000Z,Gundula,"Auch f√ºr mich die letzte Bestellung bei H&M! Die Lieferung kam nicht zum angegebenen Zeitpunkt,beim Kundenservice sagte man mir,dass man da nichts tun k√∂nne. Als ich meinen Unmut dar√ºber √§u√üerte,dass ich ja bestellt habe,weil ich die Sachen dringend brauchte und nicht bestellt h√§tte,wenn ich gewusst h√§tte,dass es mehrere Tage l√§nger dauert und die Ware ja auch schon bezahlt ist,wurde einfach aufgelegt!Wie dumm,es sich in Corona-Zeiten mit den Kunden,die online kaufen wollen,so zu verscherzen...",1,/h-m.com?languages=de
2020-08-02T11:55:39.000Z,Sonn Son,"Dem H&M Onlineshop fehlt ein Standard: man kann keine von der Lieferadresse abweichende Rechnungsadresse angeben. Das ist ein bi√üchen hintendran - es gibt bestimmt mehr Menschen die Einkaufen wollen und deren Rechnungsadresse von der Lieferadresse abweicht, wenn z.Bsp. die zu bekleidende Person in einem anderen Haushalt wohnt....",2,/h-m.com?languages=de
2020-07-10T13:14:57.000Z,Katharina Geissler,"H&M nicht nur Menschen w√ºrdige Bedingungen bei der Kleidungsproduktion sondern extrem unprofesioneller Kundendienst. Ich hab mich um 4 Euro verrechnet. Es kommt keine Mahnung, nicht eine! Daf√ºr ein halbes Jahr sp√§ter eine E-Mail von einem Inkassounternehmen ich soll nun 45 Euro zahlen. Und wenn ich in einem Kartoffelsack rumlaufen muss, nie wieder H&M. Das rate ich auch jedem anderen.",1,/h-m.com?languages=de
2020-06-26T15:25:37.000Z,limo1199,"Der Onlineshop gestaltet sich umst√§ndlich und un√ºbersichtlich, man wird beim Aufrufen der Seite erschlagen von der F√ºlle der Angebote. Streckenweise mu√ü man sich durch zig Seiten durchklicken. Die Filterfunktionen unterschlagen Artikel. Wenn man Teile, die man √ºber die Suchfunktion  sucht, werden z. B nicht erkannt wie z. B Viskosekleid. Oder  Viscose Top. Wenn ich das eingebe, m√∂chte ich auch nur solche Artikel! Und keine Polyplastiksachen angezeigt bekommen. Sehr hoher Anteil an 100%POLYESTER WARE,diese sind sehr unangemessen hochpreisig. In der Sommersaison trage ich ungern Kunstfaser, wegen Geruchsentwicklung,Atmungsaktivit√§t u.s.w. Seit den letzten drei Jahren stimmen weder Passformen noch Gr√∂√üen bei der Damenmode. Einfach nicht zuverl√§ssig. Von 36-44 eine Gl√ºckslotterie beim Bestellen. Bei Jeansblusen mit Lycocell z. B TOTAL enge Armabschl√ºsse? Und die Schultern zu eng. Bei den Lycolkleidern tailliert in 42! Passt es meiner Tochter, die 176 hat gut. Wie 38.Bei den Damenschuhen muss man immer 2-3 Nummern GR√ñ·∫ûER BESTELLEN. Bei der Kinderkleidung Kleinkind /Gro√ükind alles so √§hnlich. Lustigerweise kommen die Schuhgr√∂√üen ganz gut hin. Ich hoffe ihr lauft wieder zu alter Form auf, dann w√ºrde ich mehr bestellen. In letzter Zeit sind mir die Homepages einfach zu √ºberladen und un√ºbersichtlich... Oft ust es auch so, da√ü der Bestand bestellbar ist, aber beim Zuf√ºgen die Meldung erscheint:kann dem Warenkorb gerade nicht zugef√ºgt werden. Ausverkaufte Artikel werden trotzdem beworben. WARUM verschwinden sie dann bitte nicht von der Homepage automatisch? Man ist einfach entt√§uscht, wenn man mal wieder zusp√§t ist, wie immer denkt man dann und surft gar nicht mehr vorbei. Ihr habt einiges zu optimieren Freunde",1,/h-m.com?languages=de
2020-06-18T10:07:22.000Z,Sandi,"Katastrophe dieser Onlineshop! Nie wieder. Mir wurde ein falscher Artikel zugeschickt, welchen ich nat√ºrlich retournierte. Da ich einen Member Gutschein verwendet hatte, wurde mir nicht der komplette Preis des bestellten Artikels zur√ºckerstattet, sondern nur abz√ºglich des Gutscheins. Da ich aber schon √ºberwiesen hatte, da man ja sonst gleich eine Mahnung bekommt wenn man auf die korrigierte Rechnung wartet, bekam ich dann nochmal eine Rechnung von 81 Cent... Nur weil H&M zu bl√∂d ist die richtigen Artikel zu liefern, darf ich jetzt wieder zur Bank laufen und habe mehr Aufwand. Im Nachhinein den richtigen Artikel zu liefern oder sich zumindest f√ºr die falsche Lieferung zu entschuldigen gibts bei H&M generell nicht. Und den Kundenservice kann man total vergessen, die Dame f√ºhlte sich nicht zust√§ndig und verwies nur darauf, dass sie die Regeln nicht gemacht h√§tte. Dies ist jetzt der Zeitpunkt die Member Mitgliedschaft zu beenden. Werde k√ºnftig wieder ausschlie√ülich bei Zalando oder Amazon bestellen, deren Service ist √ºberraschenderweise top.",1,/h-m.com?languages=de
2020-04-15T10:47:15.000Z,MA,"am Liebsten h√§tte ich hier 0 Sterne gegeben!!! Sie f√ºhlen sich f√ºr nichts verantwortlich und zust√§ndig - die Ware braucht 2 Wochen bis sie ankommt, eine R√ºcksendung dauert 2 Wochen bis sie bearbeitet wird bis dahin erh√§lt man bereits die Mahnung von Klarna - beim Kundenservice hei√üt es dann nur, da bist selber schuld, h√§ttest Klarna verst√§ndigen sollen. eindeutig meine schlimmste Erfahrung mit einem Onlineshop! Sehr unprofessionelles Kundenservice, dutzt ohne fragen und verratet den Namen nicht, damit man sich nicht beschweren kann!",1,/h-m.com?languages=de
2020-04-12T15:01:41.000Z,Kathi,"Nachdem ich fast 2 Wochen nach Aufgabe meiner Bestellung noch immer kein Paket erhalten hatte schaute ich mal in die Sendungsverfolgung. Dort stand zu meiner √úberraschung, dass das Paket wieder zur√ºck zum Lager geht weshalb ich bei der Post angerief um zu fragen was los sei. Diese meinten sie h√§tten keine T√ºrnummer (Wohne im Mehrfamilienhaus) und konnten das Paket deshalb nicht zustellen. Die Sache war aber ich hatte meine T√ºrnummer im Bestellvorgang angegeben. Deshalb rief ich bei H&M an da sich bei mir niemand meldete und ich wissen wollte was jetzt mit meiner Bestellung passiert. Diese meinten meine Sachen gehen zu ihnen retour und ich erhalte dann in fr√ºhestens 2 wochen mein Geld in From eines Gutscheins (hatte mit Gutschein bezahlt) zur√ºck. Die Sache ist aber ich h√§tte lieber meine Bestellung als das Geld zur√ºck aber H&M meinte das ginge nicht und ich k√∂nnte ja neu bestellen (sehr hilfreich wenn die Sachen die ich wollte mittlerweile ausverkauft sind und ich entweder jetzt bestellen, mit Karte zahlen und auf meinem Gutschein sitzenbleiben oder erst in fr√ºhestens 2 Wochen bestellen kann). Was mich allerdings extrem aufregt ist, dass H&M es sich herausnimmt mit der R√ºckerstattung so zu tr√∂deln und trotz mehrmaliger Nachfrage wollte man mir da nicht entgegenkommen. Ich habe das Paket ja nie erhalten also kann ich weder Ware entnommen noch sie besch√§digt haben weshalb ich es wirklich nicht einsehe auf meinen Gutschein (den ich eigentlich dringend brauche) √ºber 2 Wochen warten zu m√ºssen.Ich f√ºhle mich wirklich gefrotzelt da ich jetzt durch einen Fehler von H&M √§rger habe (eine Dame vom H&M Kundenservice schnauzte mich sogar richtig an und meinte es sei garantiert meine Schuld ohne √ºberhaupt meinen Namen oder meine Bestellnummer zu kennen, au√üerdem kann ich nachweisen dass ich die T√ºrnummer angegeben habe und die Post versicherte mit dass es durch das Fehlen dieser gescheitert ist-muss also an H&M liegen) und H&M es nicht mal f√ºr n√∂tig hielt mich zu Informieren dass mit meiner Bestellung etwas schiefgelaufen war. H√§tte ich das nicht selbst in die Hand genommen h√§tte ich keine Ahnung was los ist. Habe jetzt mal den Konsumentenschutz eingeschalten und hoffe dass ich bald an mein Geld komme.",1,/h-m.com?languages=de
2020-04-08T14:06:59.000Z,Ina B,Lieferung dauert mit Hermes l√§nger als zwei Wochen. H&M selbst versendet das Paket erst am vierten Werktag. Das war meine erste und letzte Bestellung!,1,/h-m.com?languages=de
2020-03-23T13:34:48.000Z,Sandra,"Nie wieder! Leider! 3 Mal bestellt, 2 Mal Probleme mit der Lieferung! Kundenservice putzt sich auch ab und man wird bei Lieferverz√∂gerungen allein gelassen! Leider wird man immer wieder mit Aktionen verlockt zu bestellen, aber das war definitiv mein letztes Mal!",1,/h-m.com?languages=de
2020-02-14T12:54:35.000Z,Martina Schichtl,"Muss mich leider meinen ganzen Vorrednern anschlie√üen!!! Vor Jahren war bei H&M vieles besser!!!! Seit in Polen gefertigt und auch von dort geliefert wird klappt nicht mehr viel!!! Lange Lieferzeiten oder Ware kommt gar nicht, Umtausch braucht ewig, Falschlieferungen...etc!!! Auch der Kundenservice ist miserabel...na, ist auch schlecht m√∂glich Probleme zu kl√§ren wenn man nicht mit realen Menschen kommunizieren kann!!! Das war auch mal anders!!!! Habe schon viel Geld in diesem Unternehmen gelassen aber zur Zeit kaufe ich immer √∂fter lieber bei anderen Onlineshops! Zudem nervt es gewaltig, das viele Waren online als verf√ºgbar deklariert sind,,,wenn man sie aber in den Warenkorb legen m√∂chte, ist es nicht m√∂glich!!! Eigentlich sollte ein Unternehmen sich verbessern....dass hat leider nicht geklappt!!!!!!!!!",1,/h-m.com?languages=de
2020-01-30T12:11:34.000Z,Silvia Seidl,"Habe ein paket 3 f√ºr 2 gekauft wollte nur eines f√ºr ein g√ºnstigeres umtauschen nicht m√∂glich, obwohl beim Kauf nachgefragt.  Kundenhotline war √§u√üerst unh√∂flich und meint kann ja nach hause  fahren  und die anderen 2 teile holen, dann alles stornieren und wieder neu eingeben. Dann gehst . Und wenn man ein Email  schreibt, kommt zur√ºck, kann nicht beantwortet werden da zuviel Anfragen. Kundenservice nenne ich was anderes",1,/h-m.com?languages=de
2019-12-27T17:28:51.000Z,Tina,"Kleid im Shop gekauft, nach nicht mal 1 Woche mit Kassenbon und Etikett umgetauscht. Nur, weil das Etikett ab ist, aber beiliegt, bekommst Du einen Gutschein,  is noch ok, das aber auch nur, weil Weihnachten ist! Wow, was f√ºr eine Kulanz! Das ist alles andere, als Kundenbindung. Also mich haben die damit nicht binden k√∂nnen! Arroganz pur. Aber die machen sich zunutze,  dass die meisten wie die Lemminge dahinrennen.",1,/h-m.com?languages=de
2019-12-24T13:33:30.000Z,Vetob Tepa,"Kurz:Bestellung 1 beauftragt mit ""Lieferung nach Hause"", musste sie dann selbst im Shop abholen. Na gut, kann passieren.Bestellung 2 mit Appgutschein, wieder das gleiche. Dieses Mal nur erg√§nzt damit, dass ich eine falsche Teillieferung erhalten habe: statt eines weissen/cremefarbenen Rollkragenpullovers eine beige Cordhose erhalten. Kundenservice via Chat kontaktiert, soll falschen Artikel zur√ºckschicken, erhalte einen 15% und soll neu bestellen und am besten gleich, da nur noch geringer Bestand. √Ñrgerlich aber ok, tue das und Artikel l√§sst sich nicht hinzuzuf√ºgen. Melde ich im Chat und die Mitarbeiterin versucht es und teilt mir mit der Pullover ist vergriffen, auch, wenn auf der Seite was anderes steht. Wurde abgespeist mit ggf. gibt es R√ºcksendungen und kann dann vllt iwann den Pullover kaufen. Soll dann selbst gucken. Habe gesagt ich bin mit der L√∂sung nicht zufrieden und m√∂chte mich nicht √ºber sie beschweren, aber √ºber die L√∂sung und gefragt, wor√ºber ich das tun kann: Facebook? Sie ja und ich kann die Hotline anrufen und da an einen Vorgesetzten weitergeleitet werden, dennoch FB gew√§hlt. Vorab mir ist bewusst, dass ein Artikel, der nicht vorhanden ist nicht geliefert werden kann, aber die Abspeisung von Kunden ist verdammt entt√§uschend, das gleiche passierte auf FB und kann dort nachgelesen werden. Auch hier werden Anliegen nicht richtig gelesen, keiner holt den Kunden empathisch ab, deeskaliert oder √ºbernimmt Verantwortung, stattdessen wurde man selbst nach einem L√∂sungsansatz gefragt, den ich auch nannte und in einem im sp√§teren Verlauf mitgeteilt, dass sie von weiteren Antworten absehen. Danke f√ºr Nichts! Btw der Pullover ist wieder vorr√§tig, aber das konnte man aus Kundenfreundlichkeit ja nicht checken, genauso wie einen Tag davor nicht korrekt oder wann oder ob dieser Pullover iwann nochmal ins Lager geliefert wird. Schade, dass man als Kunde eure eigenen Tools besser versteht als ihr.Update: Wie Zufall oder nicht es will, wurden nach Verweis darauf die Besucherbeitr√§ge verborgen.",1,/h-m.com?languages=de
2019-12-22T12:53:07.000Z,Larissa Seeger,"Aufgrund meiner Hochzeit hat sich mein Nachname ge√§ndert, dies l√§sst sich bei Hundm allerdings nur bei der Adresse √§ndern, nicht bei meinen Kontaktinformationen, sodass ich in 90% der F√§llen nichts mehr bestellen kann, da meine Lieferadresse nicht mit meiner Rechnungsadresse √ºbereinstimmt. Manchmal funktioniert es seltsamerweise. Hab dem Kundendienst per Chat kontaktiert, dabei ist die App abgest√ºrzt und ich bin anschlie√üend nicht mehr in den Chat gekommen beziehungsweise √ºberhaupt nicht mehr in die App. Dies ist schon √∂fter vorgekommen",1,/h-m.com?languages=de
2019-12-18T17:27:52.000Z,Marco,"Ich habe das Erste und Letzte Mal online bei H&M eingekauft!Neben der Bestellbest√§tigung erhielt ich keine weitere Mail mehr und schrieb daraufhin eine Mail, wann ich denn nun eine Rechnung erhalten w√ºrde. Es kam keine Antwort und ein Anruf brachte auch nichts, da ich nach 10 Minuten in der Warteschleife keine Zeit mehr hatte.Heute bekam ich dann per Post die Rechnung mit der zweiten (!) Mahnung! Die erste Kontaktierung von H&M seit der Bestellbest√§tigung. Diesmal erreichte ich per Telefon den Kundendienst und die Mitarbeiterin war h√∂flich und bem√ºht, konnte jedoch nur eine der beiden Mahnungen streichen. Also durfte ich fast 10‚Ç¨ Mahngeb√ºhren √ºbernehmen, obwohl ich per Mail ja sogar explizit nach einer Rechnung gefragt hatte!Fazit:Als Kunden hat H&M mich verloren, denn Fehler k√∂nnen passieren, daf√ºr dann aber nicht gerade stehen ist letztklassig!",1,/h-m.com?languages=de
2019-11-16T20:22:22.000Z,Nicole,"Schreibt man bez√ºglich einer ONLINE Bestellung eine Mail bekommt man keine Antwort, Begr√ºndung: 'Wir k√∂nnen keine EMails empfangen!'  Was soll das bitte bei einem vorhandenen Onlineshop?",1,/h-m.com?languages=de
2019-11-16T15:34:41.000Z,Andreas Hoehne,Eine Bestellung von zwei simplen Geschenkgutscheinen hat zwei Wochen gedauert.,1,/h-m.com?languages=de
2019-11-16T12:13:46.000Z,Tanja puerzl,"Eigentlich sollte es kein Stern sein, denn der Service ist miserabel. Ich habe online eine Bestellung aufgegben sehns√ºchtig darauf gewartet und es kam nie an. H&M weist das Probleme von sich, ist nicht bereit irgendetwas zu unternehmen. Kundenservice gleich nullNicht bereit erneut es zu senden. Nein, man soll es noch mal kaufen was jetzt wesentlich mehr kostet  und doppelt zahlen.  SIE sind nicht bereit es erneut zum selben Preis zu schicken! Ich habe wirklich noch nie so schlechte Erfahrungen mit einem Onlineshop gemacht! Daf√ºr das es so ein gro√üer Shop ist sind sie mehr als unf√§hig. Ich werde nach diesem Vorfall nicht mehr dort weder einkaufen noch bestellen. Ich empfehle es auch niemandem es bring nur √Ñrger.Man sollte eine gute kundenorientierte Arbeit erwarten aber naja anscheinend nicht bei H&M",1,/h-m.com?languages=de
2019-11-01T09:06:38.000Z,Tagtraum,Sehr unm√∂gliches Personal! Hatte telefonisch mit dem Kundenservice zu tun! Unfreundlich  und unh√∂flich! Gespr√§ch wurde mit einfachen Auflagen beendet!,1,/h-m.com?languages=de
2019-10-29T09:10:04.000Z,Yannik Esser,,1,/h-m.com?languages=de
2019-10-07T18:19:58.000Z,Amanda Stenzel,"Erneut √Ñrger mit H&m. Dank der neuen AGB ist Betr√ºgen bei H&m jetzt ganz legal.3 Artikel bestellt, Gutschein eingel√∂st und bei R√ºcksendung von nur einem Artikel kommt der Gutschein zur√ºck und wird nicht wie bei jedem anderen Shop verrechnet. Ist die Retoure dann endlich mal angekommen, wenn man Gl√ºck hat sogar vor der ersten Mahnung, muss man nun auch dran denken, den ganzen Betrag (vom Konto) zu zahlen, Den Gutschein gibt's zur√ºck. !!! M&m will also nicht das Geld, dass ich schon bei Ihnen ausgegeben habe, sondern das Geld von meinem Konto!!! DEN Gutschein kann man ja nochmal versuchen einzul√∂sen. Man muss also, wenn man einen Gutschein einl√∂st, alle Artikel der Bestellung behalten!!! DAS ist doch Betrug!! Der Gutschein muss den Geldwert haben, der drauf steht, und das bedingungslos!!ICH kaufe jetzt woanders. Tsch√∂hh mit √ñh ihr Betr****!",1,/h-m.com?languages=de
2019-09-25T16:32:10.000Z,Michaela Boridis,"Die Frau am Telefon hat einfach mein Konto gesperrt, weil ich mich am Telefon verhaspelt habe und die mir dann nicht mehr geglaubt haben wegen meinem Geburtsdatum. Einfach unversch√§mt diese Mitarbeiter. Habe angerufen, weil Hermes zum dritten Mal meine Sendung nicht zustellt und diese Damen sind einfach nur unfreundlich und null hilfsbereit! Ich mag HM sehr gerne und mir ist bewusst, dass es die Schuld von Hermes ist dass es nicht zugestellt wird, jedoch finde ich es unversch√§mt wie sie am Telefon mit einem reden und geholfen haben sie auch nicht. Habe mich sehr auf die Bestellung gefreut, aber jetzt habe ich keine Lust mehr auf HM.Deshalb nur einen Stern.",1,/h-m.com?languages=de
2019-09-17T16:45:06.000Z,Nanda Petro,"Bestellungen und Retouren stimmen leider oft nicht √ºberein! Nur durch Zufall ist wieder aufgefallen, dass zum Beispiel eine retoure best√§tigt wurde aber nicht ausgebucht. Das ist Betrug! Die online √úbersicht ist bei h√§ufigeren Bestellungen √ºberhaupt nicht √ºbersichtlich, man kann auch nie nachvollziehen welcher Betrag nach einer retoure noch offen ist. Zumal man immer den vollen Betrag zahlen muss obwohl die retoure noch nicht mal verbucht wurde! Das ist ein Thema f√ºr den Verbraucherschutz!",1,/h-m.com?languages=de
2019-09-13T14:45:29.000Z,Selda,"Am liebsten √ºberhaupt kein Stern verdient, Hotline 25 min gewartet, dann E-Mails erhalten was nicht √ºbereinstimmt. Beim Kauf Gutschein eingel√∂st und wenn man ein Teil zur√ºck schickt, wird der Gutschein nicht anerkannt. Unm√∂glich",1,/h-m.com?languages=de
2019-09-12T08:38:24.000Z,Uta Schoenknecht,"leider muss ich mich bei den schlechten Erfahrungen mit dem Kundenservice einreihen. Ein Artikel wurde trotz R√ºckgabe nicht ausgebucht, seit fast zwei Monaten wird mir nun vom Kundendienst zugesichert, dass der Betrag rausgenommen wurde, bis dann wieder Mails kommen, in der der besagte Betrag noch offen ist. Der Kundenservice kann angeblich aufgrund des Datenschutzes nicht auf die alten Mails und Chats zugreifen, was mehr als l√§cherlich ist. Online werde ich sicherlich nicht noch einmal bei H&M bestellen.",1,/h-m.com?languages=de
2019-08-15T11:59:47.000Z,nadia,"Bei H&M etwas zu bestellen ist mitlerweile eine absolute Zumutung!!Da funktioniert so gar nichts reibungslos und Kundenfreundlich. Angefangen von der enorm langen Lieferzeit (mindestens 14 Tage) bis hin zur richtigen Lieferung der bestellten Produkte. Die Bestellungen kommen vermehrt in mehreren Paketen, zu unterschiedlichen Lieferdaten an. Bei R√ºcksendungen, obwohl man sie sofort vorgenommen hat, dauert die Berabeitung so lange, dass man mit Mahnungen konfrontiert wird obwohl das Umtauschrecht bei 28 Tagen liegt!! Zudem ist man f√ºr weitere Bestellungen blockiert- Das is mehr als unzumutbar, da das Problem ganz klar auf Seiten H&M liegt. Versucht man sich √ºber die Hotline an H&M zu wenden braucht man einen langen Atem und kommt an die Grenzen seiner Geduld. Die Wartezeit betr√§gt in der Regel mehr als 20 Minuten- zum Teil auch schon bis zu 40 Minuten, das habe ich noch bei keinem anderen Onlinishop erlebt!! Das Verst√§ndis beim Kundenservice ist eher ignorierend als wirklich Etngegenkommend. Ich habe das jetz eine Weile so hingenommen und gehofft, dass H&M dieses Problem unter Kontrolle bekommt, dem schein nicht so. Es verursacht nur Stress und Komplikationen online zu bestellen- mein Fazit: NIE, NIE WIEDER!!!",1,/h-m.com?languages=de
2019-08-13T09:48:20.000Z,Carina,"Schade, dass man nicht 0 Punkte geben kann. Auf Mails bekommt man keine Antwort, die Abrechnungen stimmen teilweise nicht und die Lieferung dauert ewig. Habe einmal versehentlich auf Rechnung statt auf Kreditkarte bestellt und statt als guter Kunde eine freundliche Erinnerung zu bekommen gab es gleich fast 25‚Ç¨ Mahngeb√ºhr. Anfrage per Mail dauerte Wochen und dann kam ein Brief vom Inkasso wegen nicht bezahlter Mahngeb√ºhren. So ein schlechtes Kundenservice ist mir wirklich noch nie untergekommen. H&M hat mich als Kunde sowohl on- als auch offline definitiv verloren",1,/h-m.com?languages=de
2019-07-24T14:23:56.000Z,Natalia,"Ist einfach der Horror. Sowas hatte ich noch nie. Alle Monatsrechnungen √ºberwiesen, Pl√∂tzlich Mahnung erhalten. Laut online Konto kein Saldo. Wurde alles beglichen. Nach mehreren E-Mails und stundenlanger Warteschleife eine Info erhalten..... System wurde es umgestellt.... ist nicht auf Monatsrechnung vermerkt worden. System hat im Nachhinein bemerkt, dass Zahnungen nicht berechnet wurden... was f√ºr ein Quatsch. Der Herr vom Kundenservice war freundlich, hat sich bem√ºht Auskunft zu geben, war aber alles sehr chaotisch. K√∂nnte selbst nicht richtig sagen wo das Problem lag. So viel √Ñrger wegen ein paar Klamotten( von nicht bester Qualit√§t). Tausend T√ºten bei der Bestellung die der Umwelt schaden. Lohnt sich echt nicht. War der letzt Kauf.... die",1,/h-m.com?languages=de
2019-07-09T18:29:57.000Z,Ana Di Lupis,"15 Minuten Warteschleife, Chat funzt nicht, meine Bestellung kommt nicht an, seit 14 Tagen ""in transit"" und keine M√∂glichkeit nachzufragen. Und die L√§den sind unaufger√§umt, man findet nichts, kein System in der Art und Weise, wie die Klamotten im Laden liegen oder h√§ngen... Kundenfreundlich geht anders.",1,/h-m.com?languages=de
2019-07-08T17:53:37.000Z,Anna Medulla,"Bestellte Waren wurden doppelt verschickt, entsprechend der Preis, obwohl definitiv alle Teile nur einzeln bestellt wurden. Kundendienst auch nach 40 min. nicht erreicht. Bin gespannt auf den Verlauf der R√ºcksendung.  Definitiv war es die letzte Bestellung.",1,/h-m.com?languages=de
2019-07-05T10:30:14.000Z,BelliBella,"Online bestellt, kein Problem. Derzeitige Bestellung soll mit zwei Teilpakete kommen. Erstes Paket kam auch, aber der Rest ohne weitere Angaben. Per PayPal bezahlt. Kundenservice erreichen wollen per Telefon aber auch per Chat; leider erfolglos. Ewige Warteschleife. Mehrmals probiert und zu unterschiedlichen Zeiten. Das ist alles andere als kundenfreundlich. Deshalb leider nur zwei Sterne.",2,/h-m.com?languages=de
2019-07-01T17:26:44.000Z,Peter S.,"Meine Tochter hat eine Bestellung get√§tigt, die dann in 2 Paketen aus Polen kam. Soweit so gut. Dann schickte sie die nicht ben√∂tigten Sachen zur√ºck. Im Kundenkonto war die R√ºcksendung erst am 19.06 ersichtlich, wir sollten aber schon eine Zahlung zum 17.06 vornehmen, obwohl die Ware in Polen aufgrund der Feiertage noch gar nicht eingetroffen war. Macht ja Sinn. Anstatt eine Mail √ºber den Restbetrag zu senden, haben wir jetzt gleich eine Mail mit 2,- ‚Ç¨ Mahngeb√ºhren bekommen. Die Geschenkkarte von 15 ‚Ç¨ ist auch gleich verschwunden. Tolle Bude und eine ganze Familie als Kunde weniger. Werde jetzt den Betrag mit Mahngeb√ºhren √ºberweisen und die Gesch√§ftsbeziehung beenden. Absolut nicht mehr empfehlenswert. Ist √ºbrigens die erste Mahnung als treuer Kunde nach 10 Jahren. Kundenservice ist nach √ºber 30 Minuten in der Leitung nicht mehr erreichbar.",1,/h-m.com?languages=de
2019-06-30T12:24:45.000Z,Andreas Humpeler,Sehr schlecht.Online bestellt.Retouniert.Mahnung bekommen.Lt. Sendeverlauf hat H&M das Paket vor 2 Wochen bekommen.Kundenservice hat meinen Anruf nach 30min nicht entgegengenommen.Kann allen nur w√§rmstens empfehlen H&M zu meiden.,1,/h-m.com?languages=de
2019-06-27T13:00:06.000Z,Anni,"So schlecht wie noch nie! Damals habe ich immer gerne bei H&M online bestellt. Das war aber definitiv jetzt das aller letzte mal. Nach jeder Bestellung, bekomme ich nach meiner Retoure eine Mahnung + Mahngeb√ºhren, obwohl die Ware bereits bezahlt worden ist. Dann werden Artikel nicht als Retoure gekenntzeichnet und dadurch angemahnt. Man schreibt gef√ºhlte 5 Mails und man bekommt absolut keine Antwort. Es macht wirklich absolut keinen Spa√ü mehr dort zu bestellen. Auch erschreckend wie viele negative Bewertungen hier geschrieben werden. Also Leute! Lasst dir Finger davon und bestellt lieber woanders ohne √§rger.",1,/h-m.com?languages=de
2019-06-21T18:03:36.000Z,Jesumina De Matteo,"Warte auf eine Bestellung vom 4 teile √ºber 4 Wochen wie kann das sein? Vorallem 2-4 Tage Lieferzeit,nichts davon zu sehen.  Kleider werden mit Flecken geschickt, und Pakete ohne R√ºcksendeaufkleber....?! Man ist √ºber 40min in der Hotline und wartet auf einen Mitarbeiter. Sowas von ein unorganisiertes Personal und online Shop! Mich als guten Kunde definitiv verloren!!!",1,/h-m.com?languages=de
2019-06-14T23:49:13.000Z,Gundolf Koehler,"Wenn ich k√∂nnte, w√ºrde ich null Sterne vergeben.Irgendwann sind die Tage von H&M mal gez√§hlt. Lieber heute als morgen. Lasst uns die Welt ein bisschen besser machen.Boykottiere seit √ºber 10 Jahren H&M aus gutem Grund: Gr√ºsse die total unf√§hige Filiale in M√ºnster!",1,/h-m.com?languages=de
2019-05-20T14:50:27.000Z,Tamara Fath,"In den letzten Wochen sehr unzufrieden. Bekomme werder Rechnungen per Email noch erhalte ich eine Best√§tigung, dass R√ºcksendung eingegangen ist. Bekomme Mahnung √ºber schon bezahlte Ware.",1,/h-m.com?languages=de
2019-05-17T09:14:35.000Z,Anni*,"Mich hat H&M seit der letzten Bestellung als Kunde verloren. Sachen wurden doppelt geliefert, der Lieferschein stimmte nicht mit dem Inhalt der Pakete √ºberein. (Obwohl es 1 Bestellung war, musste ich doppelt Porto √ºbernehmen) Teilweise stimmten die Artikelnummern auf dem Lieferschein u Artikeln nicht √ºberein. Nat√ºrlich habe ich daraufhin die doppelt geschickten Klamotten zur√ºck gesendet u die Artikel die ich behielt, bezahlt. Jetzt habe ich eine Mahnung erhalten. Nach R√ºcksprache mit dem Kundendienst ist es trotzdem nicht m√∂glich zu erfahren, woher der Betrag stammt. Ich bleibe auf den Betrag von knapp 20 Euro sitzen, ohne zu wissen was ich eigentlich bezahlen muss. Leider hat sich das Unternehmen in ein riesen Chaos einwickelt und mich als Kunde definitiv verloren. Wie man anderen Rezensionen entnehmen darf, geht es vielen nicht anders. Lasst lieber die Finger davon, der √Ñrger ist es nicht wert!!",1,/h-m.com?languages=de
2019-05-10T16:44:52.000Z,Linda Clavin,"Bin seit 8 Jahren Kunde bei H&M, aber seitdem das neue System eingef√ºhrt wurde  finde ich es einfach nur noch furchtbar. Die App ist an Un√ºbersichtlichkeit nicht zu √ºberbieten, bei einer Bestellung von 8 Teilen werden mir 3 einzelne Pakete zugeschickt (wo ist der Gedanke an die Umwelt)  und der Kundenservice war auch schon mal freundlicher. Ich zahle jetzt meine letzte Monatsrechnung und l√∂sche dann mein Konto. Das wars f√ºr mich mit H&M. Und ich war ein treuer und vor allem gut zahlender Kunde, aber den Irrsinn mache ich nicht mehr mit.",1,/h-m.com?languages=de
2019-05-05T20:50:45.000Z,Sepi Deh,"Ich habe noch nie so einen katastrophalen Onlineshop und Kundenservice erlebt.Nach dem ich eine Bestellbest√§tigung erhalten hatte, wurde meine Bestellung einfach ohne Grund storniert. Dar√ºber wurde ich nat√ºrlich auch nicht informiert. Nach einer Woche Wartezeit schaute ich dann in die App und sah, dass meine Bestellung storniert ist. Der Artikel war im Shop verf√ºgbar...also nicht ausverkauft!!!!!!2. Erfahrung: Ich hatte 3 Trenchcoats bestellt. Es wurde von H&M in 2 Pakete aufgeteilt. Nach langer Lieferzeit bekam ich das erste Paket. Bei dem einem Trenchcoat war die Folie in der Mitte einfach aufgerissen!!!! Wahrscheinlich wurde die Ware schon von einem anderen Kunden retouniert und H&M hat sich nicht mal die M√ºhe gemacht, den Trenchcoat neu zu verpacken! Die 2. Lieferung war nach 3 Wochen Wartezeit immer noch nicht da. Mittelerweile hatte ich die beiden anderen Trenchcoats bereits zur√ºckgeschickt und immer noch keine Best√§tigung der Retoure erhalten. Auf Anfrage beim Kundendienst wurde mir gesagt, dass die 2. Lieferung unterwegs sei und die Best√§tigung der Retoure 4!!!! Wochen dauern kann... wow 4 Wochen f√ºr eine Retourenbest√§tigung!!! Die 2. Lieferung kam dann erst nach 4 Wochen endlich an. Anscheinend ist man bei H&M m√§chtig √ºberfordert. Sorry aber das ist kein Kundenservice!!!",1,/h-m.com?languages=de
2019-04-07T12:57:26.000Z,Funda G√ºcc√ºk,"bestelle oft √ºber h&m, es gab noch nie probleme üëçüèª",5,/h-m.com?languages=de
2019-03-31T11:40:38.000Z,Sania,"Seit der Software-Umstellung muss man festellen: Kundenservice und interne Logistik von H&M scheinen v√∂llig √ºberfordert. Pakete sind nicht zuzuordnen, mehrere Sendungen werden mit der gleichen Bestell-Nummer verschickt (keiner wei√ü, wie viele verschickt worden sind) und ganz schlimm wird es, wenn man etwas zur√ºcksendet. Die Retouren sind unter ""mein H&M"" mehr erkennbar. Mahnungen werden verschickt, obwohl laut Sendungsverfolgung das Paket im ""R√ºcksendezentrum"" von H&M angekommen ist, aber laut Kundenservice in einem der neuen Lager in Polen wohl noch nicht ausgepackt worden ist. Chaos!! Schade, H&M hat sich sehr verschlechert! Nicht mehr empfehlenswert!!",1,/h-m.com?languages=de
2019-03-25T06:01:45.000Z,Christina L√∂ffler,Habe nach Retoure einen falschen Rechnungsbetrag habe bis jetzt dreimal angerufen und nichts passiert einfach eine Frechheit kaufe nie wieder hier ein.,1,/h-m.com?languages=de
2019-03-20T09:08:46.000Z,Stefanie Rabe,"Habe eine Rechnung nicht √ºberwiesen - nat√ºrlich mein Fehler.Statt auch nur eine Mahnung zu schicken (und die Sache w√§re erledigt gewesen) habe ich jetzt ein Inkassob√ºro am Hals, der Betrag ist nun ca. 1/3 h√∂her als der Urpr√ºngliche. Und leider bekommt das B√ºro es auch nicht hin, das Verfahren einzustellen, obwohl der Betrag l√§ngst √ºberwiesen ist.",1,/h-m.com?languages=de
2019-02-22T13:34:37.000Z,azurra,,1,/h-m.com?languages=de
2019-01-28T11:45:11.000Z,Kunde,"Gute Auswahl an Kleidung, netter Kontakt , viele Zahlungsm√∂glichkeiten , Mit der H & M App viele Preis Vorteile..",4,/h-m.com?languages=de
2019-01-25T21:16:26.000Z,Nadine Gimpler,"Schade, dass man keine 0 Sternen vergeben kann. Der h&m online Shop ist an Unprofessionalit√§t gar nicht zu √ºberbieten. Lieferzeiten, die einfach nur zum Lachen sind, aus den versprochenen 7 Werktagen werden da schnell mal 7 Wochen, im Voraus bezahlte Ware wird einfach nicht versendet, pl√∂tzlich wird eine Bestellung die l√§ngst bezahlt ist storniert - es g√§be Lieferprobleme, im shop ist allerdings alles noch verf√ºgbar. Geld wird nicht zur√ºck √ºberwiesen, Rechnungen sind nicht korrekt. Ich frage mich, was da das Problem ist. ASOS, Orsay und Pimkie schaffen es doch auch?So ein unseri√∂ser Shop stellt einen echt vor Fragen. Sind die tats√§chlich so unf√§hig? Oder wollen die langj√§hrige Kunden loswerden?Absolut zum abgew√∂hnen, mein Geld kann ich auch woanders vergraben üòÇüëçüèª",1,/h-m.com?languages=de
2019-01-12T13:37:26.000Z,Bettina Gedai,"Manchmal dauert es in der Tat etwas l√§nger, bis die Ware geliefert wird. Ansonsten hat immer alles gut funktioniert. R√ºcknahmen dauern auch seine Zeit, wurden aber immer gut geschrieben.",4,/h-m.com?languages=de
2019-01-02T18:17:00.000Z,Carina ,Nie wieder h & m online. Erst ewig warten. Dann scheinbar zugestellt aber nicht auffindbar. Auf Anfrage wer denn die Waren Annahme unterschrieben hat damit man dort anfragen kann. Keine Antwort vom Kundenservice. 3x angefragt keine Antwort. Es kommen Mahnungen dann incasso und Anwalt wegen 30 Euro Ware die einfach fehlt. Endlich nach Monaten schreibt h & m sie k√∂nnen leider nicht mehr Einblicken das sei weiter gegeben. Und an die stelle die man es weiter gab sagen ich soll h & m fragen sie haben keinen Zugriff. Also vor ca 8 Monaten ist Ware verschwunden im Wert von 30 Euro. H und m hilft nicht bei der Kl√§rung und ich soll jetzt mittlerweile 150 Euro zahlen? Wieder keine Antwort,1,/h-m.com?languages=de
2018-11-08T15:43:43.000Z,Manuela Goss,"Unacceptable !! Erst wartet man wochenlang auf die bereits bezahlte Ware, dann kommt es endlich mal an und die Sachen haben irgendwelche Fantasie Gr√∂√üen. Habe f√ºr 270 bestellt und Ware im Wert von 80 Euro zur√ºck gesandt aber nat√ºrlich in zwei Wochen mein Geld immer noch nicht zur√ºck erhalten, das ist kein Service sondern eine einzige Katastrophe. Nie wieder H&M",1,/h-m.com?languages=de
2018-10-27T20:24:48.000Z,Ines Heienbrock,"Lieferzeiten sind katastrophal,  zweimal bereits zu wichtigen Terminen die Ware nicht erhalten.  Vielleicht mal Zara oder Mango fragen wie es geht. Bin es leid.",1,/h-m.com?languages=de
2018-10-17T06:41:40.000Z,Julien,"Seit zwei Wochen warte ich auf ein gro√ües Paket. Habe mit Kredit Karte bezahlt also vorab und beim Kundenservice k√∂nnen die mir nicht sagen wann es Versand wird,nicht mal ob Sie es denn in Woche drei schaffen. Ich habe schon irgendwie Angst das ich es gar nicht mehr bekomme und mein Geld weg ist, waren 300 üí∂. Ich nie wieder.",1,/h-m.com?languages=de
2021-06-14T13:13:09.000Z,luisa,"Lief beim ersten Mal nicht rund, hat sich inzwischen aber sehr verbessert.",4,/h-m.com?languages=de
2018-09-23T21:54:47.000Z,Dominic Papenheim,"Vor 14 Tagen was bestellt und Eur 5 f√ºr den Versand bezahlt. W√§re ist immer noch nicht da und Service per Telefon nur in der Warteschleife, nach 20min aufgelegt. Mail wurde nach 3 Tagen erst beantwortet. Angebot √ºber 5 EUR Gutschein bei der n√§chsten Bestellung... warum ? Da bestell ich nie wieder... jeder kann das besser",1,/h-m.com?languages=de
2018-08-25T12:56:49.000Z,Rica,Lieferung dauert lange und konnte mich nicht neu registrieren nach dem ich ein falsches Datum getippt hatte,3,/h-m.com?languages=de
2018-08-23T16:52:23.000Z,Va Nessa,"Zweimal hintereinander wurde meine Retoure falsch aufgenommen und ich bekam eine Mahnung. Zweimal hing ich √ºber 25 Minuten in der Warteschleife. Beim zweiten mal wurde ich dann noch super unfreundlich von einem vollkommen gelangweiltem Mitarbeiter angeraunzt. Es ist unglaublich, von Service kann hier keine Rede mehr sein.",1,/h-m.com?languages=de
2018-08-20T09:09:12.000Z,Katja Reis,Eigentlich kaufe ich gerne bei H&M. Ein Stern abzug wegen der ewigen Lieferzeit (mittlerweile √ºber eine woche) und einen Stern abzug wegen der Gr√∂√üenangaben. 38 ist nicht immer 38. manchmal ist es nur eine 34 oder sogar eine 40. üòÖ,3,/h-m.com?languages=de
2018-08-13T08:04:59.000Z,Hannah,Ich warte seit 2 Wochen auf mein Paket ! Unversch√§mtheit,1,/h-m.com?languages=de
2018-07-23T08:27:27.000Z,Petra,"Telefonisch ist hier niemand zu erreichen. Ich habe mit Kreditkarte bezahlt und wollte den Kauf wieder stornieren, auf Grund der schlechten Erfahrungen anderer K√§ufer. Leider unm√∂glich. Eine Versandbest√§tigung habe ich auch nicht erhalten. Es gibt auch nur eine telefonische M√∂glichkeit zur Kontaktaufnahme zu diesem Unternehmen. Ich bedaure, hier bestellt zu haben!",1,/h-m.com?languages=de
2018-07-21T14:53:37.000Z,Verena Lechner,Bin mit H&M eig sehr zufrieden aber die Lieferung ist in letzter Zeit eine absolute Katastrophe. H&M sollte wirklich dar√ºber nachdenken einen anderen Partner als Hermes zu w√§hlen. Der Paketbote versucht nicht mal das Paket zuzustellen und nach Wochen darf man es selbst irgendwo abholen...,3,/h-m.com?languages=de
2018-04-29T21:50:19.000Z,Michael Brat,"Ich habe mit meiner Lebensgef√§hrtin mehrfach bei H+M gekauft.Sowohl in Deutschalnd als auch In Stockholm. Leider ist nicht ersichtlich , welche Textilien fair gehandelt werden und wo Kinderarbeit im Spiel ist. Schade..",2,/h-m.com?languages=de
2018-03-23T20:51:59.000Z,Bibi,Top Support aber relativ lange Lieferzeiten,4,/h-m.com?languages=de
2018-02-16T13:52:03.000Z,Maxi,"Ich finde das liefern dauert sehr lange, in der heutigen Zeit kann das schneller gehen und  muss es auch wenn man mithalten will",3,/h-m.com?languages=de
2017-03-21T13:34:18.000Z,Maria Kleemann,Online war immer alles super.Sehr guter Kundenservice.,5,/h-m.com?languages=de
2017-02-05T11:52:09.000Z,Elena S. ,"Da ich zeitlich etwas eingeschr√§nkt bin, greife ich immer √∂fter auf die umfangreichen Angebote im Internet zur√ºck. Des √∂fteren kaufe ich auf hm.com ein. Die App ist sehr √ºbersichtlich, der Bestellvorgang einfach. Man kann die Sendung sehr bequem in die Filiale schicken lassen. Manchmal habe ich fragen und muss bei der Hotline anrufen. Und ich muss sagen der Service ist ausgezeichnet, man bekommt auf jede Frage eine Antwort, und f√ºr jedes Problem gibt es eine L√∂sung. Der heutige Gespr√§ch mit einer der Mitarbeiterinnen hat mich dazu bewegt diese Bewertung zu schreiben. Ich m√∂chte mich f√ºr die Freundlichkeit und die Geduld der Mitarbeiter bedanken, sie machen wirklich einen guten Job. Ich bleibe gerne weiterhin eine treue Kundin.",5,/h-m.com?languages=de
2017-01-13T09:54:07.000Z,Roland Obermeier,"Wir versuchen jetzt mittlerweile seit Wochen eine Rechnung fuer die Onlinebestellung zu bekommen. Nur faule ausreden des grottenschlechten Kundenservices. Aussagen wie ""Sie erhalten eine Rechnungskopie mit der ersten Mahnung"". Die Mahnung und Mahngebuehr kam per internet und bis heute haben wir keine Rechnung die uns rechtlich zusteht.Wir haben frueher nix bei dem Verein gekauft und mittlerweile versteht meine Frau auch warum wir H & M nie wieder nutzen werden.",2,/h-m.com?languages=de
2016-12-28T13:48:49.000Z,Chloe ,Einfache zu bestellenSch√∂ne Produkte Verschiedene Zahlungsm√∂glichkeitenZuverl√§ssige Lieferung Keine schlechten Erfahrungen,5,/h-m.com?languages=de
2016-11-30T21:12:33.000Z,Dorothea,Immer wieder tolle Schn√§ppchen im Sortiment,5,/h-m.com?languages=de
2016-08-04T15:19:50.000Z,alina22,"Online findet man oft sch√∂nere und g√ºnstigere Sachen als in den Gesch√§fte, insbesondere wenn sale ist. Alles kommt immer sauber und ordentlich verpackt. Die Lieferzeiten und die Dauer der Verarbeitung von Retouren waren mal extrem langsam, es bessert sind aber, danke daf√ºr! Die regelm√§√üigen versandkostenfrei Aktionen sind super.",4,/h-m.com?languages=de
2016-07-26T20:28:56.000Z,Astrid,Bieten bei Reklamationen sofort L√∂sungen an. Ich kann hier nichts schlechtes sagen. Schade das H&M noch nicht versandkostenfrei als Standart anbietet.,5,/h-m.com?languages=de
2016-02-27T09:32:55.267Z,Manu,"Ich habe fr√ºher gerne bei h+m bestellt, aber abgesehen davon, dass der Kundendienst sehr unfreundlich ist, ist das Abzocke. Ich sehe ein 1x Versandkosten zu zahlen, aber bei keinem anderen Versand zahlst du f√ºr jede R√ºcksendung nochmals. Methode dahinter ist jede Bestellung wird auf mehrere Lieferungen aufgeteilt, damit, wenn du zur√ºckschicken willst, jedesmal zus√§tzlich 1 Euro zahlen musst. Der Kundendienst meinte, dass das bei jedem Versandhaus so sei und verschickt, solltest du das √ºbersehen haben, Mahnungen und Mahnspesen, f√ºr mich einfach nur Abzocke. Aber h+m hat Kundenfreundlichkeit wahrscheinlich nicht n√∂tig.",1,/h-m.com?languages=de
2012-01-20T12:59:11.000Z,Else,"Ich finde die Auswahl an Produkten im Online-Shop nicht grandios. Mir erscheint sie im Vergleich zum Sortiment im Laden eher gering. Sei es drum, die Kunden sollen lieber im Laden kaufen, scheint hier die Philosophie zu sein.Denn wer ernsthaft erw√§gt ins Online-Gesch√§ft einsteigen zu wollen, der erlaubt sich keine 7-14 t√§gige Lieferzeit, obwohl die Ware als Sofort-Verf√ºgbar gekennzeichnet ist. Also hat man hier im Versand Zeit. Die Zeit und die Geduld habe ich nicht.",2,/h-m.com?languages=de
2012-01-05T11:07:58.000Z,Mietzi,"Im Online-Shop von H&M findet man alle Produkte. Die Seite ist sehr benutzerfreundlich, da muss man nicht gro√üartig lange suchen. Die Preise sind nat√ºrlich auch okay. Das Tolle ist, dass man jederzeit √ºber neue Angebote informiert wird. Die Lieferzeit ist ziemlich lang, aber daf√ºr muss ich mich im Laden nicht pr√ºgeln.",4,/h-m.com?languages=de
2012-01-05T10:00:30.000Z,Stefanie Meyer,"Gute Auswahl, aber laaaaange Lieferzeiten! :/",2,/h-m.com?languages=de
2011-12-21T10:33:29.000Z,Michaela,"Also allgemein ist der Shop gut , man hat eine gro√üe Auswahl etc nur mit der Lieferung hapert es immer wieder mal, der Lieferantist oft unfreundlich, wenn die Sachen nicht vorr√§tig sind wartet man Wochen auf sein Packet etc...",3,/h-m.com?languages=de
2011-12-13T08:29:51.000Z,Jennifer Kr√§mer,"Auswahl:Das Praktische am H&M Online Shop ist ja, dass es fast die ganze Produktpalette gibt und somit insgesamt wesentlich mehr Auswahl als in jedem einzelnen Laden in der Stadt. Au√üerdem spart man sich das Anstehen an den Kabinen und an der Kasse und die 'Pr√ºgelei' um die besten Teile.  Wenn es mal etwas nicht mehr gibt, kann man t√§glich nachsehen, ob es 'Nachschub' gibt, ohne st√§ndig in die Stadt fahren zu m√ºssen.Wer auch sonst viel bei H&M einkauft, wei√ü in der Regel, welche Gr√∂√üe er braucht und wird keine Probleme bei der Auswahl haben. Benutzerfreundlichkeit:Die Auswahl ist gut eingeteilt und man findet leicht, was man sucht (mitunter auch leichter als im Laden). Der Shop ist selbsterkl√§rend und die Bedienung sehr einfach. Auch hier also ein dickes Plus.Allerdings hatte ich jetzt schon ein paar Mal Probleme mit der Seite; die Unterkategorie konnten manchmal einfach nicht angezeigt werden. Die sympathische Fehlermeldung ‚ÄûEs ist nicht Ihre Schuld ‚Äì es ist unsere!‚Äú entsch√§digt zwar ein bisschen, aber nichtsdestotrotz m√∂chte man ja einkaufen und nicht unterhalten werden. Oft ging es dann nach einigen Minuten wieder, also keine gro√ües Minus, aber dennoch etwas anstrengend. Lieferung:Hier m√ºssen leider gr√∂√üere Abstriche gemacht werden: Bei meiner ersten (und bisher letzten) Bestellung hie√ü es erst, einige Teile seien nicht auf Lager ‚Äì obwohl im Internet als lieferbar angegeben ‚Äì und w√ºrden in 2-3 Wochen nachgeliefert. Sp√§ter hie√ü es dann, die Sachen seien ganz vergriffen und k√∂nnten gar nicht geliefert werden.Die Teile, die ich erhalten habe und nicht behalten wollte, konnte ich allerdings problemlos zur√ºckschicken. Doof nur, dass man auf den Versandkosten sitzenbleibt (wenn man nicht binnen 7 Tagen vom Vertrag zur√ºcktritt), die man √ºbrigens auch bei sehr hohen Rechnungen noch bezahlen muss ‚Äì obwohl die 5 Euro mehr oder weniger dann auch nicht mehr auffallen. Das Porto f√ºr die R√ºcksendung muss man allerdings nicht selbst tragen. Fazit: Der Einkauf war leider im Gro√üen und Ganzen ein Reinfall, auch wenn er zuerst vielversprechend erschien. Die Sache mit der nicht erfolgten Lieferung ist ein b√∂ses Manko, das ich so schnell nicht vergessen werde.",1,/h-m.com?languages=de
